shz4223367,7000,2室 2厅,70,高区/6层,朝南北,徐汇,漕河泾,2017.11.23,航天新苑,虹梅路2015弄
shz4218082,5800,2室 1厅,66,中区/16层,暂无数据,徐汇,漕河泾,2017.09.15,钦江大楼,钦江路15号
shz4375685,8500,2室 2厅,87,中区/35层,暂无数据,徐汇,漕河泾,2017.12.24,华悦家园,虹漕路3号， 虹漕路21号， 虹漕路23号， 虹漕路19弄
shz4365041,8900,3室 1厅,87,中区/28层,暂无数据,徐汇,漕河泾,2017.12.17,华悦家园,虹漕路3号， 虹漕路21号， 虹漕路23号， 虹漕路19弄
shz4241094,8500,2室 2厅,90,高区/35层,朝南,徐汇,漕河泾,2017.09.29,华悦家园,虹漕路3号， 虹漕路21号， 虹漕路23号， 虹漕路19弄
shz4236919,4500,1室 1厅,58,低区/34层,朝南,徐汇,漕河泾,2017.09.27,华悦家园,虹漕路3号， 虹漕路21号， 虹漕路23号， 虹漕路19弄
shzr100023664,6160,2室 1厅,62.72,高区/6层,南,徐汇,漕河泾,2017.12.30,虹梅小区,虹梅路2666弄
shz4021506,7500,2室 1厅,77,中区/17层,暂无数据,徐汇,漕河泾,2017.06.09,永兆豪庭,虹梅路2125弄， 虹梅路2588弄
shz4409702,5000,1室 2厅,58,中区/34层,暂无数据,徐汇,漕河泾,2018.01.16,华悦家园,虹漕路3号， 虹漕路21号， 虹漕路23号， 虹漕路19弄
shz4408178,7000,2室 2厅,93,高区/6层,朝南,徐汇,漕河泾,2018.01.15,虹梅小区,虹梅路2666弄
shz4398259,7000,2室 2厅,93,中区/6层,朝南北,徐汇,漕河泾,2018.01.09,虹梅小区,虹梅路2666弄
shz4381990,3700,1室 1厅,35,中区/6层,朝北,徐汇,漕河泾,2017.12.29,欣嘉苑,苍梧路468弄，钦州北路1018弄
shz4395401,8500,3室 1厅,90,高区/35层,朝南,徐汇,漕河泾,2018.01.07,华悦家园,虹漕路3号， 虹漕路21号， 虹漕路23号， 虹漕路19弄
shz4301154,6700,2室 1厅,85,低区/6层,朝南北,徐汇,漕河泾,2017.11.06,桂林苑,桂林路399号，钦州北路885弄，钦州北路888弄
shz4399097,9000,2室 2厅,88,低区/24层,朝南,徐汇,漕河泾,2018.01.09,凯迪虹桥晶舍,桂林路666弄
shz4386721,6700,2室 1厅,58,低区/34层,暂无数据,徐汇,漕河泾,2018.01.01,华悦家园,虹漕路3号， 虹漕路21号， 虹漕路23号， 虹漕路19弄
shz4386700,6700,1室 1厅,58,低区/34层,暂无数据,徐汇,漕河泾,2018.01.01,华悦家园,虹漕路3号， 虹漕路21号， 虹漕路23号， 虹漕路19弄
shz4377457,7800,2室 2厅,82,高区/6层,暂无数据,徐汇,漕河泾,2017.12.26,航天新苑,虹梅路2015弄
shz4283091,7500,2室 2厅,84,低区/6层,暂无数据,徐汇,漕河泾,2017.10.26,航天新苑,虹梅路2015弄
shz4228410,4800,2室 0厅,56,高区/7层,暂无数据,徐汇,漕河泾,2017.09.21,钦江路47弄,钦江路47弄
shz4409604,4100,1室 1厅,55,中区/11层,暂无数据,徐汇,漕河泾,2018.01.16,东方康洛,钦江路28弄1-15号
shz4360832,9000,2室 2厅,88,低区/23层,暂无数据,徐汇,漕河泾,2017.12.15,华悦家园,虹漕路3号， 虹漕路21号， 虹漕路23号， 虹漕路19弄
shzr100043914,2930,3室1厅,14.7,中区/6层,南,徐汇,漕河泾,2017.11.19,欣嘉苑,苍梧路468弄，钦州北路1018弄
shzr100043294,2530,3室1厅,9.0,高区/6层,东,徐汇,漕河泾,2017.11.14,欣嘉苑,苍梧路468弄，钦州北路1018弄
shzr100043293,2830,3室1厅,12.9,高区/6层,南,徐汇,漕河泾,2017.11.15,欣嘉苑,苍梧路468弄，钦州北路1018弄
shz4362759,8500,2室 2厅,88,低区/24层,朝南,徐汇,漕河泾,2017.12.16,凯迪虹桥晶舍,桂林路666弄
shz4356892,13000,3室 2厅,132,低区/18层,朝南北,徐汇,漕河泾,2017.12.12,永兆豪庭,虹梅路2125弄， 虹梅路2588弄
shz4342786,4600,1室 1厅,46,中区/6层,朝西北,徐汇,漕河泾,2017.12.03,桂林苑,桂林路399号，钦州北路885弄，钦州北路888弄
shz4334531,8500,2室 2厅,98,中区/13层,暂无数据,徐汇,漕河泾,2017.11.28,航天公寓,钦州北路939弄，钦州北路927弄
shz4253138,6500,2室 1厅,62,高区/7层,暂无数据,徐汇,漕河泾,2017.10.08,桂林苑,桂林路399号，钦州北路885弄，钦州北路888弄
shz4204030,5600,2室 0厅,56,中区/7层,朝南北,徐汇,漕河泾,2017.09.07,钦江路47弄,钦江路47弄
shz4182420,15000,3室 2厅,135,中区/18层,朝南北,徐汇,漕河泾,2017.08.27,永兆豪庭,虹梅路2125弄， 虹梅路2588弄
shz4346250,7500,2室 1厅,77,高区/17层,暂无数据,徐汇,漕河泾,2017.12.05,永兆豪庭,虹梅路2125弄， 虹梅路2588弄
shz4400796,5600,1室 1厅,55,低区/16层,暂无数据,徐汇,漕河泾,2018.01.11,永兆豪庭,虹梅路2125弄， 虹梅路2588弄
shz4399140,8000,2室 2厅,87,低区/30层,朝南北,徐汇,漕河泾,2018.01.09,华悦家园,虹漕路3号， 虹漕路21号， 虹漕路23号， 虹漕路19弄
shz4409621,9000,3室 2厅,114,中区/6层,暂无数据,徐汇,漕河泾,2018.01.16,欣嘉苑,苍梧路468弄，钦州北路1018弄
shz4372037,4600,1室 1厅,80,低区/6层,暂无数据,徐汇,漕河泾,2017.12.22,欣嘉苑,苍梧路468弄，钦州北路1018弄
shz4213112,7000,2室 2厅,50,高区/6层,朝南北,徐汇,漕河泾,2017.09.12,欣嘉苑,苍梧路468弄，钦州北路1018弄
shz3677135,7000,2室 2厅,77,高区/6层,暂无数据,徐汇,漕河泾,2017.09.15,欣嘉苑,苍梧路468弄，钦州北路1018弄
shz4392133,3400,1室 1厅,42,低区/7层,暂无数据,杨浦,五角场,2018.01.05,三门路358弄,三门路358弄
shz4295414,3500,1室 1厅,44,中区/7层,暂无数据,杨浦,五角场,2017.11.03,三门路358弄,三门路358弄
shz4401069,8000,2室 1厅,55,中区/7层,朝南北,杨浦,五角场,2018.01.11,北茶园,国顺路80弄
shz4401033,5600,2室 1厅,51,中区/6层,朝南,杨浦,五角场,2018.01.11,铁路新村(杨浦),国定路277弄
shz4393849,3300,1室 0厅,32,高区/6层,朝南,杨浦,五角场,2018.01.06,邯郸小区,邯郸路20弄
shz4381737,3300,1室 1厅,33,高区/6层,朝南,杨浦,五角场,2017.12.29,黄兴路2020弄,黄兴路2020弄
shz4380461,4200,1室 1厅,40,低区/7层,朝南,杨浦,五角场,2017.12.28,铁路新村(杨浦),国定路277弄
shz4379390,5200,2室 1厅,49,中区/6层,朝南,杨浦,五角场,2017.12.27,国定路600弄,国定路600弄
shz4368392,4800,2室 1厅,41,中区/6层,暂无数据,杨浦,五角场,2017.12.20,黄兴路2020弄,黄兴路2020弄
shz4357230,4500,1室 1厅,45,低区/6层,朝南,杨浦,五角场,2017.12.12,东方家园,国顺路128弄
shz4347373,6500,2室 2厅,110,高区/6层,暂无数据,杨浦,五角场,2017.12.06,文化名园,吉浦路375弄
shz4338858,3400,1室 1厅,38,低区/7层,暂无数据,杨浦,五角场,2017.12.01,三门路510弄,三门路510弄
shz4334467,4500,2室 1厅,60,中区/6层,朝南北,杨浦,五角场,2017.11.28,财大小区,政立路580弄
shz4325781,5200,2室 1厅,62,高区/6层,朝南北,杨浦,五角场,2017.11.22,文化名园,吉浦路375弄
shz4323477,4600,2室 1厅,46,高区/6层,暂无数据,杨浦,五角场,2017.11.20,铁路新村(杨浦),国定路277弄
shz4314123,5000,2室 0厅,53,高区/6层,朝南北,杨浦,五角场,2017.11.15,铁路新村(杨浦),国定路277弄
shz4311644,3700,2室 1厅,49,中区/7层,暂无数据,杨浦,五角场,2017.11.13,三门路510弄,三门路510弄
shz4292197,3500,1室 0厅,33,低区/6层,暂无数据,杨浦,五角场,2017.11.01,黄兴路2020弄,黄兴路2020弄
shz4213179,6300,2室 0厅,65,中区/6层,暂无数据,杨浦,五角场,2017.09.12,政通路100弄,政通路100弄
shz4143122,5500,2室 1厅,61,高区/6层,暂无数据,杨浦,五角场,2017.08.07,文化名园,吉浦路375弄
shz4392226,4000,1室 0厅,32,高区/6层,暂无数据,杨浦,五角场,2018.01.05,国顺路389弄,国顺路389弄
shz4409104,3600,1室 1厅,31,高区/6层,暂无数据,杨浦,五角场,2018.01.16,武川路99弄,武川路99弄
shz4404837,4500,1室 1厅,48,中区/6层,暂无数据,杨浦,五角场,2018.01.13,政民路230弄,政民路230弄
shz4404695,4500,2室 2厅,73,低区/20层,暂无数据,杨浦,五角场,2018.01.13,吉浦小区,吉浦路395弄
shz4401038,5600,3室 1厅,53,中区/6层,朝南北,杨浦,五角场,2018.01.11,国顺路300弄,国顺路300弄
shz4400374,3900,1室 1厅,48,中区/6层,暂无数据,杨浦,五角场,2018.01.10,南茶园,国顺路81弄
shz4397293,8000,2室 1厅,53,低区/6层,朝南北,杨浦,五角场,2018.01.08,政民路230弄,政民路230弄
shz4378812,5300,2室 1厅,68,高区/6层,朝南北,杨浦,五角场,2017.12.27,国远小区,国权路322弄
shz4350449,3800,1室 0厅,34,中区/6层,朝南,杨浦,五角场,2017.12.08,四路2100弄,四路2100弄
shz4341144,4000,1室 1厅,44,低区/6层,朝南北,杨浦,五角场,2017.12.02,武川路99弄,武川路99弄
shz4335773,5500,2室 1厅,48,低区/6层,朝南,杨浦,五角场,2017.11.29,四路2100弄,四路2100弄
shz4256543,6500,2室 2厅,77,高区/6层,暂无数据,杨浦,五角场,2017.10.10,海鸿公寓,国权路95弄
shz4396962,4000,1室 1厅,41,高区/6层,暂无数据,杨浦,五角场,2018.01.08,黄兴路2020弄,黄兴路2020弄
shz4394681,4100,2室 1厅,38,高区/6层,朝南,杨浦,五角场,2018.01.06,复旦零号宿舍,国年路250弄
shz4391444,3500,1室 0厅,29,低区/6层,暂无数据,杨浦,五角场,2018.01.04,四路2100弄,四路2100弄
shz4382523,7500,2室 1厅,47,中区/6层,暂无数据,杨浦,五角场,2017.12.29,四路2100弄,四路2100弄
shz4374697,11000,3室 2厅,157,中区/14层,暂无数据,杨浦,五角场,2017.12.24,东方家园,国顺路128弄
shz4363363,5000,1室 1厅,45,低区/6层,暂无数据,杨浦,五角场,2017.12.16,北茶园,国顺路80弄
shz4355666,4500,1室 1厅,48,低区/7层,暂无数据,杨浦,五角场,2017.12.11,政通路118弄,政通路118弄（1-19号）
shz4349791,4300,1室 1厅,37,中区/7层,朝南,杨浦,五角场,2017.12.07,文化名园,吉浦路375弄
shz4335571,4400,1室 1厅,41,高区/5层,朝南,杨浦,五角场,2017.11.29,四路2065弄,四路2065弄
shz4333237,11500,2室 1厅,81,高区/6层,朝南,杨浦,五角场,2017.11.27,轻舟花苑,邯郸路446弄
shz4333093,8000,2室 2厅,80,中区/23层,朝西北,杨浦,五角场,2017.11.27,怡福苑,国顺路66弄
shz4328550,7000,3室 1厅,80,中区/6层,朝南北,杨浦,五角场,2017.11.24,南茶园,国顺路81弄
shz4312289,4800,2室 1厅,56,高区/6层,朝南,杨浦,五角场,2017.11.13,国年路160弄,国年路160弄
shz4309395,4300,2室 1厅,61,低区/7层,暂无数据,杨浦,五角场,2017.11.11,三门路358弄,三门路358弄
shz4277901,5500,2室 2厅,82,中区/6层,朝南北,杨浦,五角场,2017.10.23,大诚花苑,国定路299弄
shz4272426,2800,1室 0厅,30,中区/6层,暂无数据,杨浦,五角场,2017.10.19,武川路99弄,武川路99弄
shz4271785,6800,1室 1厅,51,中区/16层,朝南,杨浦,五角场,2017.10.19,财富公寓,政旦东路8弄
shz4239581,4300,1室 1厅,40,高区/6层,暂无数据,杨浦,五角场,2017.09.28,建新小区,邯郸路470弄
shz4405415,6500,2室 1厅,55,高区/6层,朝南,杨浦,五角场,2018.01.13,政通路118弄,政通路118弄（1-19号）
shz4401320,3500,1室 1厅,34,低区/6层,暂无数据,杨浦,五角场,2018.01.11,四路2100弄,四路2100弄
shz4393880,11000,2室 2厅,128,中区/7层,朝东西,杨浦,五角场,2018.01.06,创智坊(公寓),伟德路10弄，大学路63弄，大学路88弄，大学路186弄，大学路187弄，大学路268弄，大学路277弄
shz4393264,9800,2室 1厅,80,高区/6层,暂无数据,杨浦,五角场,2018.01.05,政通路311弄,政通路311弄
shz4358761,3700,1室 1厅,39,中区/6层,暂无数据,杨浦,五角场,2017.12.13,武川路245弄,武川路245弄
shzr100050420,2130,3室1厅,8.2,低区/6层,北,杨浦,五角场,2018.01.11,国定路555弄,国定路555弄
shzr100047425,2690,4室1厅,14.49,低区/12层,南,杨浦,五角场,2017.12.16,三湘世纪花城,纪念路289弄
shzr100047207,2290,2室1厅,8.5,低区/6层,北,杨浦,五角场,2017.12.14,仁德路67弄10支弄,仁德路67弄10支弄
shz4358816,4000,1室 1厅,35,高区/7层,暂无数据,杨浦,五角场,2017.12.13,铁路新村(杨浦),国定路277弄
shz4387876,4500,1室 1厅,54,高区/6层,暂无数据,杨浦,五角场,2018.01.02,政通路311弄,政通路311弄
shz4385607,6700,2室 2厅,90,中区/6层,朝南北,杨浦,五角场,2017.12.31,大诚花苑,国定路299弄
shz4357304,4500,1室 1厅,43,高区/6层,暂无数据,杨浦,五角场,2017.12.12,财大小区,政立路580弄
shz4345863,5800,2室 1厅,52,中区/6层,暂无数据,杨浦,五角场,2017.12.05,政通路118弄,政通路118弄（1-19号）
shz4309092,7500,2室 1厅,92,高区/7层,暂无数据,杨浦,五角场,2017.11.11,政通路100弄,政通路100弄
shzr100050782,2890,4室1厅,26.4,中区/10层,南,杨浦,五角场,2018.01.13,文化花园清华苑,仁德路100弄
shzr100050781,2390,4室1厅,15.0,中区/10层,北,杨浦,五角场,2018.01.13,文化花园清华苑,仁德路100弄
shzr100050780,2530,4室1厅,11.5,中区/10层,南,杨浦,五角场,2018.01.13,文化花园清华苑,仁德路100弄
shzr100050779,3390,4室1厅,16.2,中区/10层,南,杨浦,五角场,2018.01.13,文化花园清华苑,仁德路100弄
shzr100050761,2460,4室1厅,11.9,中区/12层,南,杨浦,五角场,2018.01.13,文化花园明珠苑,逸仙路655弄
shzr100050441,2260,3室1厅,10.0,低区/6层,北,杨浦,五角场,2018.01.15,同济北苑,三门路318弄
shzr100050126,4090,1室 1厅,40.41,高区/7层,南,杨浦,五角场,2018.01.08,三门路358弄,三门路358弄
shzr100049772,4190,1室 1厅,43.36,高区/7层,南,杨浦,五角场,2018.01.05,三门路358弄,三门路358弄
shzr100049670,5790,2室 1厅,50.0,高区/6层,南,杨浦,五角场,2018.01.09,国定路600弄,国定路600弄
shzr100049663,5590,2室 1厅,64.23,低区/6层,南,杨浦,五角场,2018.01.04,文化名园,吉浦路375弄
shzr100049453,2290,3室1厅,7.4,高区/6层,北,杨浦,五角场,2018.01.02,国定路700弄,国定路700弄
shzr100049452,2790,3室1厅,13.8,高区/6层,南,杨浦,五角场,2018.01.02,国定路700弄,国定路700弄
shzr100049451,2990,3室1厅,12.0,高区/6层,南,杨浦,五角场,2018.01.02,国定路700弄,国定路700弄
shzr100049377,5190,2室 1厅,65.95,高区/7层,南,杨浦,五角场,2018.01.01,三门路510弄,三门路510弄
shzr100049225,5490,2室 1厅,61.32,高区/6层,南,杨浦,五角场,2017.12.30,仁德路67弄10支弄,仁德路67弄10支弄
shzr100049224,5690,2室 1厅,42.42,中区/6层,南,杨浦,五角场,2018.01.04,国定路555弄,国定路555弄
shzr100049133,2290,4室1厅,11.9,中区/6层,北,杨浦,五角场,2017.12.29,乾阳佳园,三门路588弄
shzr100049132,2390,4室1厅,10.6,中区/6层,南,杨浦,五角场,2017.12.29,乾阳佳园,三门路588弄
shzr100049127,2490,4室1厅,9.0,低区/7层,北,杨浦,五角场,2017.12.29,政通新苑,政通路70弄
shzr100049126,2590,4室1厅,9.4,低区/7层,北,杨浦,五角场,2017.12.29,政通新苑,政通路70弄
shzr100048762,2660,4室1厅,11.7,低区/28层,南,杨浦,五角场,2018.01.12,皇朝新城,黄兴路1999弄
shzr100048588,2390,4室1厅,10.4,低区/11层,南,杨浦,五角场,2017.12.25,文化花园香榭丽苑,武川路75弄
shzr100048544,3290,3室2厅,23.12,高区/12层,南,杨浦,五角场,2017.12.25,明和苑,逸仙路599弄
shzr100048480,6290,2室 1厅,65.14,低区/6层,南,杨浦,五角场,2017.12.24,政通路250弄,政通路250弄
shzr100048165,2290,4室1厅,6.1,中区/23层,西,杨浦,五角场,2017.12.22,怡福苑,国顺路66弄
shzr100048142,5890,2室 1厅,51.3,高区/6层,南,杨浦,五角场,2017.12.21,国定路600弄,国定路600弄
shzr100048087,3460,3室1厅,8.0,中区/23层,南,杨浦,五角场,2017.12.22,怡福苑,国顺路66弄
shzr100047983,2890,4室1厅,14.1,中区/11层,南,杨浦,五角场,2017.12.22,文化花园香榭丽苑,武川路75弄
shzr100047982,2390,4室1厅,11.8,中区/11层,北,杨浦,五角场,2017.12.22,文化花园香榭丽苑,武川路75弄
shzr100046907,2590,3室1厅,10.9,高区/6层,北,杨浦,五角场,2017.12.12,建新小区,邯郸路470弄
shzr100046865,2690,5室1厅,13.6,高区/6层,南,杨浦,五角场,2017.12.11,汇丰苑,国权后路25弄
shzr100046751,2390,3室1厅,10.6,中区/11层,北,杨浦,五角场,2017.12.11,文化花园香榭丽苑,武川路75弄
shzr100046740,2890,3室1厅,15.8,低区/8层,南,杨浦,五角场,2017.12.18,新江湾佳苑,政立路505弄
shzr100046100,2390,5室1厅,11.4,低区/11层,北,杨浦,五角场,2017.12.05,文化花园香榭丽苑,武川路75弄
shzr100046099,2590,5室1厅,13.4,低区/11层,南,杨浦,五角场,2017.12.05,文化花园香榭丽苑,武川路75弄
shzr100046098,2790,5室1厅,11.5,低区/11层,南,杨浦,五角场,2017.12.07,文化花园香榭丽苑,武川路75弄
shzr100046077,2530,3室1厅,14.0,低区/6层,南,杨浦,五角场,2017.12.05,正文花园(一期),政立路1588弄
shzr100044354,2330,4室1厅,10.8,中区/6层,北,杨浦,五角场,2017.11.26,文化花园清华苑,仁德路100弄
shzr100040513,5290,2室 1厅,54.3,高区/6层,南,杨浦,五角场,2017.10.25,仁德路67弄10支弄,仁德路67弄10支弄
shzr100040164,2660,4室1厅,13.4,低区/12层,南,杨浦,五角场,2017.12.27,三湘世纪花城,纪念路289弄
shzr100039135,2890,4室1厅,19.6,高区/12层,南,杨浦,五角场,2018.01.14,三湘世纪花城三期,学府街88弄，吉浦路99弄
shzr100038486,2560,4室1厅,14.9,中区/11层,南,杨浦,五角场,2017.10.13,文轩佳苑,政通路95弄
shzr100038372,2360,3室1厅,7.7,高区/6层,北,杨浦,五角场,2018.01.14,国定路700弄,国定路700弄
shzr100036299,2590,4室1厅,13.2,低区/12层,北,杨浦,五角场,2017.12.17,黄兴公寓,黄兴路1669弄
shzr100036240,2430,3室1厅,10.6,高区/6层,南,杨浦,五角场,2018.01.13,国定路600弄,国定路600弄
shzr100031937,2630,4室1厅,11.4,高区/28层,南,杨浦,五角场,2017.12.27,皇朝新城,黄兴路1999弄
shzr100031203,2560,4室1厅,14.3,高区/11层,南,杨浦,五角场,2018.01.15,文化花园园中苑,武东路315弄
shzr100027418,2860,3室1厅,22.7,低区/6层,南,杨浦,五角场,2018.01.06,同济北苑,三门路318弄
shzr100026306,3890,1室 1厅,34.31,中区/5层,南,杨浦,五角场,2018.01.09,四路2065弄,四路2065弄
shzr100021153,2230,4室1厅,10.1,中区/6层,北,杨浦,五角场,2018.01.06,文化花园香榭丽苑,武川路75弄
shzr100020057,2790,4室1厅,16.0,中区/6层,南,杨浦,五角场,2017.12.15,文化花园清华苑,仁德路100弄
shzr100019329,2530,4室1厅,11.3,高区/21层,南,杨浦,五角场,2018.01.09,兰港大楼,逸仙路167弄
shzr100016959,5020,2室 1厅,65.43,中区/6层,南,杨浦,五角场,2017.11.23,政立路830弄,政立路830弄
shzr100011025,2090,3室1厅,6.2,高区/6层,北,杨浦,五角场,2018.01.14,北茶园,国顺路80弄
shzr100010504,2390,4室1厅,8.74,中区/25层,西,杨浦,五角场,2018.01.08,怡福苑,国顺路66弄
shzr100010147,6290,2室 1厅,57.36,低区/6层,南,杨浦,五角场,2017.12.15,国定路600弄,国定路600弄
shzr100009167,3090,3室2厅,9.0,高区/14层,北,杨浦,五角场,2018.01.06,三湘世纪花城三期,学府街88弄，吉浦路99弄
shzr100009118,3490,3室1厅,11.6,中区/23层,东,杨浦,五角场,2017.12.20,怡福苑,国顺路66弄
shzr100006189,2130,4室1厅,9.3,中区/21层,北,杨浦,五角场,2018.01.13,兰港大楼,逸仙路167弄
shzr100006140,3030,4室1厅,12.7,高区/11层,南,杨浦,五角场,2018.01.12,文化花园清华苑,仁德路100弄
shzr100004399,4490,1室 1厅,31.62,低区/6层,南,杨浦,五角场,2017.11.13,黄兴路2020弄,黄兴路2020弄
shzr100002344,2990,2室1厅,14.2,中区/6层,南,杨浦,五角场,2018.01.09,国定路700弄,国定路700弄
shzr100000361,2630,3室2厅,10.22,高区/12层,北,杨浦,五角场,2017.12.28,明和苑,逸仙路599弄
shzr100000249,2930,2室1厅,14.38,高区/6层,北,杨浦,五角场,2017.12.29,国定路555弄,国定路555弄
shz4026901,3300,1室 0厅,34,中区/6层,朝南,杨浦,五角场,2017.11.27,国定路600弄,国定路600弄
shz4367286,3500,1室 0厅,32,高区/7层,朝南,杨浦,五角场,2017.12.19,铁路新村(杨浦),国定路277弄
shz4357222,4000,2室 1厅,49,高区/7层,朝南北,杨浦,五角场,2017.12.12,三门路510弄,三门路510弄
shz4355882,3300,1室 1厅,42,中区/7层,朝南,杨浦,五角场,2017.12.11,三门路358弄,三门路358弄
shz4331752,5200,2室 0厅,52,中区/6层,朝东,杨浦,五角场,2017.11.26,国顺路310弄,国顺路310弄
shz4330202,6000,2室 1厅,84,高区/6层,暂无数据,杨浦,五角场,2017.11.25,政立小区,政立路711弄
shz4326104,4500,2室 1厅,57,中区/6层,朝南北,杨浦,五角场,2017.11.23,政立路830弄,政立路830弄
shz4325769,4200,1室 0厅,40,中区/6层,朝南,杨浦,五角场,2017.11.22,南茶园,国顺路81弄
shz4039097,5200,2室 1厅,75,高区/6层,朝南,杨浦,五角场,2017.06.17,市益大楼,国权路85弄
shz4409727,5600,2室 1厅,51,中区/6层,朝南北,杨浦,五角场,2018.01.16,四路2100弄,四路2100弄
shz4409276,6000,2室 1厅,96,中区/6层,朝南北,杨浦,五角场,2018.01.16,建设公寓,三门路480弄
shz4408563,4000,1室 1厅,45,高区/6层,暂无数据,杨浦,五角场,2018.01.15,北茶园,国顺路80弄
shz4407293,6300,1室 2厅,58,中区/23层,暂无数据,杨浦,五角场,2018.01.14,怡福苑,国顺路66弄
shz4407081,8800,2室 2厅,127,中区/26层,暂无数据,杨浦,五角场,2018.01.14,皇朝新城,黄兴路1999弄
shz4406625,5800,2室 1厅,74,高区/7层,暂无数据,杨浦,五角场,2018.01.14,政通路100弄,政通路100弄
shz4405712,4000,2室 0厅,50,中区/6层,暂无数据,杨浦,五角场,2018.01.14,国定路600弄,国定路600弄
shz4405492,9000,2室 2厅,118,中区/10层,暂无数据,杨浦,五角场,2018.01.13,创智坊(公寓),伟德路10弄，大学路63弄，大学路88弄，大学路186弄，大学路187弄，大学路268弄，大学路277弄
shz4404843,4800,2室 1厅,65,高区/6层,暂无数据,杨浦,五角场,2018.01.13,国定路700弄,国定路700弄
shz4403236,4200,1室 1厅,29,中区/6层,暂无数据,杨浦,五角场,2018.01.12,四路2100弄,四路2100弄
shz4402965,4000,2室 1厅,59,低区/7层,暂无数据,杨浦,五角场,2018.01.12,三门路510弄,三门路510弄
shz4400253,6000,2室 2厅,82,中区/6层,暂无数据,杨浦,五角场,2018.01.10,同济北苑,三门路318弄
shz4400222,6300,3室 1厅,71,高区/6层,暂无数据,杨浦,五角场,2018.01.10,财大小区,政立路580弄
shz4399277,4000,1室 1厅,37,中区/6层,暂无数据,杨浦,五角场,2018.01.10,建新小区,邯郸路470弄
shz4393702,9500,2室 1厅,89,高区/7层,暂无数据,杨浦,五角场,2018.01.06,创智坊(公寓),伟德路10弄，大学路63弄，大学路88弄，大学路186弄，大学路187弄，大学路268弄，大学路277弄
shz4378723,10000,3室 2厅,136,低区/11层,朝南北,杨浦,五角场,2017.12.27,文化花园园中苑,武东路315弄
shz4372375,4200,1室 1厅,44,中区/6层,暂无数据,杨浦,五角场,2017.12.22,政民路150弄,政民路150弄
shz4361853,10000,3室 3厅,142,高区/6层,暂无数据,杨浦,五角场,2017.12.15,文化花园清华苑,仁德路100弄
shz4358447,12000,3室 2厅,149,高区/7层,暂无数据,杨浦,五角场,2017.12.13,政通路118弄,政通路118弄（1-19号）
shz4349533,6500,2室 1厅,54,中区/6层,朝南,杨浦,五角场,2017.12.07,政通路311弄,政通路311弄
shz4369571,2900,1室 1厅,32,中区/7层,暂无数据,杨浦,五角场,2017.12.20,武川路222弄,武川路222弄
shz4373202,9500,2室 1厅,92,中区/7层,暂无数据,杨浦,五角场,2017.12.23,创智坊(公寓),伟德路10弄，大学路63弄，大学路88弄，大学路186弄，大学路187弄，大学路268弄，大学路277弄
shz4358716,6500,2室 2厅,99,高区/6层,暂无数据,杨浦,五角场,2017.12.13,政通新苑,政通路70弄
shz4346324,4800,2室 1厅,76,高区/6层,暂无数据,杨浦,五角场,2017.12.05,仁德路67弄,仁德路67弄
shz4345491,4350,1室 1厅,53,中区/6层,朝南北,杨浦,五角场,2017.12.04,政立小区,政立路711弄
shz4327119,4500,2室 1厅,53,低区/7层,朝南,杨浦,五角场,2017.11.23,三门路358弄,三门路358弄
shz4323866,4800,2室 1厅,39,低区/7层,朝南,杨浦,五角场,2017.11.21,三门路358弄,三门路358弄
shz4383039,4300,2室 1厅,58,高区/6层,暂无数据,杨浦,五角场,2017.12.29,同济欣苑,政立路810弄，政立路817弄，政立路825弄，国权北路8弄，政立路821弄
shz4401139,3900,1室 1厅,36,低区/6层,暂无数据,杨浦,五角场,2018.01.11,武川路222弄,武川路222弄
shz4399066,5000,1室 0厅,36,高区/6层,暂无数据,杨浦,五角场,2018.01.09,政民路230弄,政民路230弄
shz4398607,8500,3室 2厅,117,中区/7层,朝南,杨浦,五角场,2018.01.09,文化花园香榭丽苑,武川路75弄
shz4398431,3400,1室 1厅,42,中区/7层,暂无数据,杨浦,五角场,2018.01.09,三门路358弄,三门路358弄
shz4397265,8000,2室 2厅,110,高区/17层,暂无数据,杨浦,五角场,2018.01.08,乾阳佳园,三门路588弄
shz4396435,3500,1室 1厅,40,高区/7层,朝南,杨浦,五角场,2018.01.07,三门路358弄,三门路358弄
shz4394676,3600,1室 1厅,37,中区/6层,暂无数据,杨浦,五角场,2018.01.06,铁路新村(杨浦),国定路277弄
shz4392894,3800,1室 1厅,38,高区/6层,暂无数据,杨浦,五角场,2018.01.05,财大小区,政立路580弄
shz4392202,9500,2室 2厅,86,高区/8层,朝南,杨浦,五角场,2018.01.05,创智坊(公寓),伟德路10弄，大学路63弄，大学路88弄，大学路186弄，大学路187弄，大学路268弄，大学路277弄
shz4388357,5300,3室 0厅,53,中区/6层,朝南,杨浦,五角场,2018.01.02,四路2100弄,四路2100弄
shz4388118,5400,1室 1厅,66,中区/22层,暂无数据,杨浦,五角场,2018.01.02,协友公寓,政通路118弄21号
shz4385675,8000,3室 2厅,125,低区/10层,暂无数据,杨浦,五角场,2017.12.31,文化花园明珠苑,逸仙路655弄
shz4385513,3500,1室 1厅,43,低区/6层,暂无数据,杨浦,五角场,2017.12.31,三门路510弄,三门路510弄
shz4381727,5300,2室 1厅,50,中区/6层,暂无数据,杨浦,五角场,2017.12.29,政通路285弄,政通路285弄
shz4381515,3000,1室 0厅,47,低区/7层,暂无数据,杨浦,五角场,2017.12.29,政熙路68弄,政熙路68弄
shz4378431,8500,3室 1厅,103,低区/14层,朝南北,杨浦,五角场,2017.12.27,三湘世纪花城三期,学府街88弄，吉浦路99弄
shz4378032,3500,1室 1厅,33,高区/6层,朝南,杨浦,五角场,2017.12.26,铁路新村(杨浦),国定路277弄
shz4377074,7600,2室 2厅,95,中区/7层,朝南北,杨浦,五角场,2017.12.25,海鹏公寓,黄兴路2019弄
shz4374721,4800,2室 1厅,63,高区/6层,暂无数据,杨浦,五角场,2017.12.24,文化名园,吉浦路375弄
shz4374516,5200,3室 1厅,41,高区/7层,暂无数据,杨浦,五角场,2017.12.24,三门路358弄,三门路358弄
shz4374256,4100,1室 0厅,29,高区/6层,暂无数据,杨浦,五角场,2017.12.23,四路2100弄,四路2100弄
shz4372890,3700,1室 1厅,36,高区/6层,朝南,杨浦,五角场,2017.12.23,政民路230弄,政民路230弄
shz4371705,7000,2室 2厅,96,高区/10层,暂无数据,杨浦,五角场,2017.12.22,文化花园香榭丽苑,武川路75弄
shz4371339,4200,1室 1厅,46,高区/6层,暂无数据,杨浦,五角场,2017.12.22,北茶园,国顺路80弄
shz4371079,4000,1室 1厅,29,低区/6层,暂无数据,杨浦,五角场,2017.12.21,国顺路375弄,国顺路375弄
shz4368108,5400,2室 1厅,50,中区/6层,暂无数据,杨浦,五角场,2017.12.20,铁路新村(杨浦),国定路277弄
shz4367325,3700,1室 0厅,29,高区/6层,暂无数据,杨浦,五角场,2017.12.19,政通路285弄,政通路285弄
shz4366104,6300,1室 1厅,46,高区/6层,暂无数据,杨浦,五角场,2017.12.18,东方家园,国顺路128弄
shz4365792,4300,2室 0厅,42,高区/6层,朝南北,杨浦,五角场,2017.12.18,政修路29号,政修路29号
shz4364941,6200,2室 1厅,84,高区/6层,暂无数据,杨浦,五角场,2017.12.17,政立小区,政立路711弄
shz4363900,4000,1室 1厅,32,高区/6层,朝南,杨浦,五角场,2017.12.16,国顺路395弄,国顺路395弄
shz4363637,4300,1室 1厅,52,中区/6层,暂无数据,杨浦,五角场,2017.12.16,三门路510弄,三门路510弄
shz4362695,6500,3室 1厅,79,中区/6层,暂无数据,杨浦,五角场,2017.12.16,南茶园,国顺路81弄
shz4361624,4000,1室 1厅,37,低区/6层,暂无数据,杨浦,五角场,2017.12.15,铁路新村(杨浦),国定路277弄
shz4360985,4000,1室 1厅,39,中区/6层,暂无数据,杨浦,五角场,2017.12.15,铁路新村(杨浦),国定路277弄
shz4360296,3500,1室 1厅,40,中区/7层,暂无数据,杨浦,五角场,2017.12.14,国定路601弄,国定路601弄
shz4358259,11500,2室 1厅,74,中区/7层,暂无数据,杨浦,五角场,2017.12.13,政通路100弄,政通路100弄
shz4357373,11000,3室 2厅,123,中区/14层,暂无数据,杨浦,五角场,2017.12.12,三湘世纪花城三期,学府街88弄，吉浦路99弄
shz4356812,6000,2室 1厅,63,高区/6层,暂无数据,杨浦,五角场,2017.12.12,政立路545弄,政立路545弄
shz4356135,4500,1室 1厅,40,高区/6层,朝南,杨浦,五角场,2017.12.11,北茶园,国顺路80弄
shz4352156,4100,1室 1厅,44,高区/6层,朝南北,杨浦,五角场,2017.12.09,南茶园,国顺路81弄
shz4343142,8500,2室 1厅,55,高区/6层,暂无数据,杨浦,五角场,2017.12.03,国济路16弄,国济路16弄
shz4342817,3800,1室 0厅,29,中区/6层,朝南,杨浦,五角场,2017.12.03,四路2100弄,四路2100弄
shz4341123,3600,1室 1厅,41,高区/6层,朝南,杨浦,五角场,2017.12.02,北茶园,国顺路80弄
shz4334492,3300,1室 0厅,32,高区/7层,朝南,杨浦,五角场,2017.11.28,铁路新村(杨浦),国定路277弄
shz4330866,7800,2室 2厅,100,中区/20层,暂无数据,杨浦,五角场,2017.11.26,吉浦小区,吉浦路395弄
shz4322317,7500,3室 2厅,114,中区/17层,朝东南,杨浦,五角场,2017.11.19,华丰大楼,国顺路280号
shz4314930,3400,1室 0厅,29,低区/6层,朝南,杨浦,五角场,2017.11.15,国顺路400弄,国顺路400弄
shz4313534,6500,2室 1厅,49,高区/6层,朝南北,杨浦,五角场,2017.11.14,政通路305弄,政通路305弄
shz4310849,8000,3室 1厅,82,高区/6层,朝南北,杨浦,五角场,2017.11.12,北茶园,国顺路80弄
shz4299321,14000,2室 2厅,107,高区/17层,朝南北,杨浦,五角场,2017.11.05,兴昌苑,国定路101弄
shz4291914,7300,2室 2厅,96,中区/6层,朝南北,杨浦,五角场,2017.11.01,百旺小区,国定路140弄
shz4291649,5500,2室 1厅,78,高区/6层,朝西南,杨浦,五角场,2017.11.01,仁德路152弄,仁德路152弄
shz4290734,6500,2室 1厅,56,高区/6层,暂无数据,杨浦,五角场,2017.10.31,北茶园,国顺路80弄
shz4273085,3500,1室 1厅,41,高区/7层,暂无数据,杨浦,五角场,2017.10.20,三门路358弄,三门路358弄
shz4270001,4500,1室 1厅,38,低区/6层,朝南,杨浦,五角场,2017.10.18,财大小区,政立路580弄
shz4238161,5800,2室 1厅,53,高区/6层,暂无数据,杨浦,五角场,2017.09.27,铁路新村(杨浦),国定路277弄
shz4228367,5800,1室 2厅,58,中区/23层,暂无数据,杨浦,五角场,2017.09.21,怡福苑,国顺路66弄
shz4219777,23000,5室 3厅,191,高区/7层,朝东西,杨浦,五角场,2017.09.16,创智坊(公寓),伟德路10弄，大学路63弄，大学路88弄，大学路186弄，大学路187弄，大学路268弄，大学路277弄
shz4204344,3500,1室 1厅,42,高区/7层,暂无数据,杨浦,五角场,2017.09.07,三门路358弄,三门路358弄
shz4198935,13000,2室 2厅,105,低区/22层,朝南,杨浦,五角场,2017.09.04,中通公寓,国权后路19号
shz4180440,11000,3室 2厅,136,低区/28层,暂无数据,杨浦,五角场,2017.08.26,皇朝新城,黄兴路1999弄
shz4154163,10000,1室 1厅,51,中区/16层,朝南,杨浦,五角场,2017.08.19,财富公寓,政旦东路8弄
shz4015310,10000,4室 2厅,157,中区/6层,朝南,杨浦,五角场,2017.06.06,海鸿公寓,国权路95弄
shz3807159,20000,4室 2厅,158,中区/11层,朝南北,杨浦,五角场,2017.05.19,创智坊(公寓),伟德路10弄，大学路63弄，大学路88弄，大学路186弄，大学路187弄，大学路268弄，大学路277弄
shz3634120,25000,4室 1厅,198,高区/28层,暂无数据,杨浦,五角场,2017.08.18,皇朝新城,黄兴路1999弄
shz4407776,8500,3室 2厅,129,高区/6层,暂无数据,杨浦,五角场,2018.01.15,文化花园香榭丽苑,武川路75弄
shz4406485,4500,1室 1厅,37,高区/6层,暂无数据,杨浦,五角场,2018.01.14,国顺路400弄,国顺路400弄
shz4406385,4500,2室 1厅,57,高区/6层,暂无数据,杨浦,五角场,2018.01.14,政立路830弄,政立路830弄
shz4403251,7500,3室 2厅,44,高区/6层,暂无数据,杨浦,五角场,2018.01.12,大诚花苑,国定路299弄
shz4402428,8000,3室 2厅,90,低区/8层,朝南北,杨浦,五角场,2018.01.12,新江湾佳苑,政立路505弄
shz4400804,9300,3室 2厅,137,中区/8层,暂无数据,杨浦,五角场,2018.01.11,文化花园香榭丽苑,武川路75弄
shz4391989,7300,2室 2厅,97,低区/10层,暂无数据,杨浦,五角场,2018.01.05,文化花园香榭丽苑,武川路75弄
shz4390281,3700,1室 1厅,41,低区/6层,暂无数据,杨浦,五角场,2018.01.04,国定路600弄,国定路600弄
shz4384546,7800,2室 1厅,85,低区/5层,朝南,杨浦,五角场,2017.12.30,仁和苑,政通路240弄
shz4380048,5500,2室 2厅,75,高区/6层,暂无数据,杨浦,五角场,2017.12.28,市益大楼,国权路85弄
shz4371617,7500,2室 2厅,98,高区/8层,暂无数据,杨浦,五角场,2017.12.22,文化花园香榭丽苑,武川路75弄
shz4367862,6500,2室 1厅,45,低区/6层,暂无数据,杨浦,五角场,2017.12.19,政通路305弄,政通路305弄
shz4206891,6700,2室 2厅,88,中区/6层,暂无数据,杨浦,五角场,2017.09.09,同济欣苑,政立路810弄，政立路817弄，政立路825弄，国权北路8弄，政立路821弄
shzr100050800,5660,2室 1厅,75.3,低区/6层,南,杨浦,五角场,2018.01.14,同济欣苑,政立路810弄，政立路817弄，政立路825弄，国权北路8弄，政立路821弄
shzr100050082,3430,4室1厅,17.0,中区/17层,南,杨浦,五角场,2018.01.08,邯郸路60弄,邯郸路60弄
shzr100048492,2490,3室1厅,12.7,高区/15层,西,杨浦,五角场,2017.12.25,东方文苑,邯郸路178弄
shzr100048491,3290,3室1厅,14.4,高区/15层,东,杨浦,五角场,2017.12.25,东方文苑,邯郸路178弄
shzr100040694,2590,4室1厅,13.0,高区/17层,南,杨浦,五角场,2017.11.05,邯郸路60弄,邯郸路60弄
shzr100021836,2360,4室1厅,10.5,中区/17层,北,杨浦,五角场,2017.11.17,邯郸路60弄,邯郸路60弄
shz4398335,4000,1室 0厅,31,低区/6层,朝南,杨浦,五角场,2018.01.09,铁路新村(杨浦),国定路277弄
shz4397856,7300,2室 2厅,77,高区/23层,朝西南,杨浦,五角场,2018.01.08,怡福苑,国顺路66弄
shz4394097,12000,2室 1厅,88,中区/7层,朝南,杨浦,五角场,2018.01.06,创智坊(公寓),伟德路10弄，大学路63弄，大学路88弄，大学路186弄，大学路187弄，大学路268弄，大学路277弄
shz4385193,6000,2室 2厅,91,中区/6层,朝南,杨浦,五角场,2017.12.31,文化花园香榭丽苑,武川路75弄
shz4384115,9500,3室 2厅,136,低区/10层,暂无数据,杨浦,五角场,2017.12.30,文化花园香榭丽苑,武川路75弄
shz4379660,3500,1室 1厅,38,中区/6层,暂无数据,杨浦,五角场,2017.12.27,国顺路395弄,国顺路395弄
shz4377909,9500,2室 1厅,74,高区/6层,暂无数据,杨浦,五角场,2017.12.26,百旺小区,国定路140弄
shz4376694,8500,2室 1厅,108,中区/12层,暂无数据,杨浦,五角场,2017.12.25,黄兴公寓,黄兴路1669弄
shz4375153,5000,2室 1厅,44,低区/6层,朝南,杨浦,五角场,2017.12.24,国定路700弄,国定路700弄
shz4369702,6200,2室 1厅,68,高区/4层,朝南北,杨浦,五角场,2017.12.20,国权路461弄,国权路461弄
shz4369527,4000,1室 1厅,43,低区/6层,暂无数据,杨浦,五角场,2017.12.20,北茶园,国顺路80弄
shz4357107,5500,2室 1厅,71,中区/6层,朝南北,杨浦,五角场,2017.12.12,吉浦小区,吉浦路395弄
shz4351859,4000,1室 1厅,41,高区/6层,朝南,杨浦,五角场,2017.12.09,政民花苑,政民路200弄
shz4351106,6500,2室 1厅,75,中区/7层,朝南,杨浦,五角场,2017.12.08,茗苑,国权路91弄
shz4347494,4000,1室 1厅,41,中区/6层,暂无数据,杨浦,五角场,2017.12.06,铁路新村(杨浦),国定路277弄
shz4329939,7500,2室 2厅,91,高区/6层,暂无数据,杨浦,五角场,2017.11.25,文化花园清华苑,仁德路100弄
shz4325215,25000,4室 2厅,168,中区/8层,暂无数据,杨浦,五角场,2017.11.22,创智坊(公寓),伟德路10弄，大学路63弄，大学路88弄，大学路186弄，大学路187弄，大学路268弄，大学路277弄
shz4314383,5200,2室 1厅,62,高区/6层,暂无数据,杨浦,五角场,2017.11.15,文化名园,吉浦路375弄
shz4286938,4500,2室 1厅,51,中区/6层,朝南北,杨浦,五角场,2017.10.29,政本路350弄,政本路350弄
shz4273482,7500,2室 2厅,66,中区/4层,朝南北,杨浦,五角场,2017.10.20,国顺路650弄,国顺路650弄
shz4252262,7500,2室 2厅,109,低区/9层,暂无数据,杨浦,五角场,2017.10.08,海鸿公寓,国权路95弄
shz4188596,4500,2室 1厅,60,中区/6层,暂无数据,杨浦,五角场,2017.08.30,武川路99弄,武川路99弄
shz4138892,10000,3室 2厅,124,中区/12层,朝南,杨浦,五角场,2017.08.05,黄兴公寓,黄兴路1669弄
shz4081835,6500,2室 1厅,82,中区/7层,暂无数据,杨浦,五角场,2017.07.07,茗苑,国权路91弄
shz4406693,5200,2室 0厅,40,高区/4层,朝南,杨浦,五角场,2018.01.14,林绿家园,四路1950弄
shz4403971,10500,3室 2厅,146,高区/19层,暂无数据,杨浦,五角场,2018.01.13,文轩佳苑,政通路95弄
shz4388779,3650,1室 1厅,38,高区/6层,朝南北,杨浦,五角场,2018.01.03,武川路245弄,武川路245弄
shz4369385,13000,3室 2厅,145,中区/11层,朝南北,杨浦,五角场,2017.12.20,东方文苑,邯郸路178弄
shz4388021,7000,2室 2厅,91,低区/11层,暂无数据,杨浦,五角场,2018.01.02,文化花园香榭丽苑,武川路75弄
shz4387486,7000,2室 2厅,88,高区/7层,朝南北,杨浦,五角场,2018.01.02,茗苑,国权路91弄
shz4386356,7000,2室 2厅,90,低区/6层,朝南,杨浦,五角场,2018.01.01,建设公寓,三门路480弄
shz4379452,8300,2室 2厅,105,中区/12层,暂无数据,杨浦,五角场,2017.12.27,正文花园(二期),政立路1585弄
shz4369976,7000,2室 1厅,86,低区/5层,朝南,杨浦,五角场,2017.12.21,仁和苑,政通路240弄
shz4308091,8500,3室 2厅,129,高区/17层,朝南北,杨浦,五角场,2017.11.10,乾阳佳园,三门路588弄
shz4268143,17500,1室 0厅,139,中区/26层,暂无数据,杨浦,五角场,2017.10.17,中环国际大厦,淞沪路161号
shz4391714,8500,3室 2厅,120,中区/6层,暂无数据,杨浦,五角场,2018.01.05,同济欣苑,政立路810弄，政立路817弄，政立路825弄，国权北路8弄，政立路821弄
shz4387127,7800,2室 2厅,104,中区/14层,暂无数据,杨浦,五角场,2018.01.01,复光苑,武东路28弄
shz4240068,3500,1室 1厅,47,中区/6层,朝南,杨浦,五角场,2017.09.29,同济欣苑,政立路810弄，政立路817弄，政立路825弄，国权北路8弄，政立路821弄
shz4399026,9800,3室 2厅,122,低区/7层,暂无数据,杨浦,五角场,2018.01.09,书香银苑,政立路717弄
shz4377671,12000,4室 2厅,158,中区/17层,朝南,杨浦,五角场,2017.12.26,邯郸路60弄,邯郸路60弄
shz4036001,4500,2室 0厅,31,低区/6层,暂无数据,杨浦,五角场,2017.06.16,武川路245弄,武川路245弄